"Name","k","Val/TaskRangeRes","Val/TaskRangeResNorm","Val/TaskRangeSPD","Val/TaskRangeSPDNorm"
"distance_fn: hop_8","8","1.3869527578353882","1.419845074415207","7.999999523162842","8"
"distance_fn: hop_7","7","1.311486542224884","1.341949224472046","6.999996662139893","7.000000476837158"
"distance_fn: hop_6","6","1.2293846309185028","1.2568638324737549","6.000000476837158","6.000000476837158"
"distance_fn: hop_5","5","1.1378271579742432","1.1614422798156738","5.000001430511475","5"
"distance_fn: hop_4","4","1.0330320596694946","1.0515101253986359","3.999998927116394","4"
"distance_fn: hop_3","3","0.9086620211601257","0.9217198491096497","2.999999761581421","3.000000238418579"
"distance_fn: hop_2","2","0.7524827122688293","0.7602258920669556","2.000000476837158","2"
"distance_fn: hop_1","1","0.5371023863554001","0.5389691740274429","1","1"