"Name","Val/TaskRangeSPD","Val/TaskRangeResNorm","Val/TaskRangeRes","Val/TaskRangeSPDNorm","k"
"distance_fn: adjacency_self_loop_power_sym_8","2.6071000695228577","0.7821267247200012","0.7786382734775543","2.612148702144623","8"
"distance_fn: adjacency_self_loop_power_sym_7","2.4416232109069824","0.756496012210846","0.7533048391342163","2.4458879232406616","7"
"distance_fn: adjacency_self_loop_power_sym_6","2.2609938979148865","0.7260763496160507","0.7232161164283752","2.264429986476898","6"
"distance_fn: adjacency_self_loop_power_sym_5","2.0610082149505615","0.6924683451652527","0.6899823546409607","2.063603162765503","5"
"distance_fn: adjacency_self_loop_power_sym_4","1.8345371186733246","0.6474123001098633","0.6453556418418884","1.836234211921692","4"
"distance_fn: adjacency_self_loop_power_sym_3","1.569828599691391","0.5990473479032516","0.5974747985601425","1.5707498788833618","3"
"distance_fn: adjacency_self_loop_power_sym_2","1.240269660949707","0.5103182196617126","0.5093285441398621","1.2403591871261597","2"
"distance_fn: adjacency_self_loop_power_sym_1","0.7861838936805725","0.4215199872851372","0.4210418686270714","0.7862994074821472","1"