"Name","Val/TaskRangeRes","Val/TaskRangeResNorm","Val/TaskRangeSPD","Val/TaskRangeSPDNorm","k"
"distance_fn: nbhd_8","1.1235012412071228","1.1365529596805573","5.264088153839111","5.211021304130554","8"
"distance_fn: nbhd_7","1.0665361881256104","1.0784323513507843","4.674007773399353","4.632933616638184","7"
"distance_fn: nbhd_6","1.0030603110790253","1.0135095119476318","4.071072816848755","4.041735291481018","6"
"distance_fn: nbhd_5","0.9310662001371384","0.9395463168621063","3.4548011422157288","3.4342655539512634","5"
"distance_fn: nbhd_4","0.8473725914955139","0.8536301255226135","2.82403826713562","2.810190796852112","4"
"distance_fn: nbhd_3","0.7462879121303558","0.7502765357494354","2.1760793924331665","2.1674858927726746","3"
"distance_fn: nbhd_2","0.6157771348953247","0.6175887584686279","1.5039968490600586","1.499523937702179","2"
"distance_fn: nbhd_1","0.4215073511004448","0.4216203913092613","0.7869803607463837","0.7857937216758728","1"